ptMin,ptMax,tag,run,nDATA,nDATATag,nMCb,nMCbTag,nMCc,nMCcTag,nMCl,nMClTag,pb,pbTag,frb,frbTag,frc,frcTag,frl,frlTag,chi2,chi2Tag,effMC,effData,SF,effMCErr,effDataErr,SFErr,pbErr,pbTagErr,pc,pcErr,pcTag,pcTagErr,pl,plErr,plTag,plTagErr,ndof,ndofTag,p4,p4Err,p4Tag,p4ErrTag,p5,p5Err,p5Tag,p5ErrTag,nMC4,nMC4Tag,nMC5,nMC5Tag
200,350,DoubleBM2,0,23812.000000,12600.000000,8.194026,5.855934,0.426028,0.091072,4.069403,0.905017,1829.627930,1656.040039,0.629599,0.769656,0.035188,0.020102,0.336116,0.199762,0.686788,1.042289,0.714659,0.646855,0.905124,0.008756,0.042669,0.060727,67.325905,90.662064,1966.773071,122.539299,2781.169922,471.405273,1966.773071,122.539299,2781.169922,471.405273,12,15,0.017113,2464.467529,2781.169922,471.405273,0.017113,2464.467529,2781.169922,471.405273,0.463190,0.045503,0.775712,0.007764
200,350,DoubleBM2,1,23812.000000,12600.000000,8.194026,5.855934,0.426028,0.091072,4.069403,0.905017,1831.866577,1655.938354,0.630370,0.769608,0.035086,0.020144,0.335139,0.200174,0.665675,0.994390,0.714659,0.646025,0.903962,0.008756,0.042646,0.060692,66.970390,91.018753,1961.057129,122.996544,2786.897705,474.135254,1961.057129,122.996544,2786.897705,474.135254,12,15,0.017212,18930.535156,2786.897705,474.135254,0.017212,18930.535156,2786.897705,474.135254,0.463190,0.045503,0.775712,0.007764
200,350,DoubleBM2,2,23812.000000,12600.000000,8.194026,5.855934,0.426028,0.091072,4.069403,0.905017,1835.911255,1663.228027,0.631761,0.772996,0.034366,0.019866,0.328266,0.197420,0.568617,0.884149,0.714659,0.647439,0.905941,0.008756,0.042972,0.061145,71.065201,89.674591,1920.837646,177.447174,2748.556641,469.421234,1920.837646,177.447174,2748.556641,469.421234,12,15,119.622078,364.873077,2748.556641,469.421234,119.622078,364.873077,2748.556641,469.421234,0.463190,0.045503,0.775712,0.007764
200,350,DoubleBM2,3,23812.000000,12600.000000,8.194026,5.855934,0.426028,0.091072,4.069403,0.905017,1829.721313,1656.134888,0.629631,0.769700,0.035185,0.020099,0.336084,0.199728,0.686844,1.041961,0.714659,0.646859,0.905129,0.008756,0.041526,0.059156,67.625069,86.931793,1966.587646,123.000130,2780.694336,241.545090,1966.587646,123.000130,2780.694336,241.545090,12,15,0.017096,3189.494385,2780.694336,241.545090,0.017096,3189.494385,2780.694336,241.545090,0.463190,0.045503,0.775712,0.007764
200,350,DoubleBM2,4,23812.000000,12600.000000,8.194026,5.855934,0.426028,0.091072,4.069403,0.905017,1827.177002,1664.849854,0.628756,0.773750,0.034932,0.019722,0.333670,0.195990,0.685446,1.079836,0.714659,0.651168,0.911159,0.008756,0.039517,0.056410,76.709206,72.954597,1952.460938,228.328461,2728.646729,285.440002,1952.460938,228.328461,2728.646729,285.440002,12,15,60.398853,1010.131287,2728.646729,285.440002,60.398853,1010.131287,2728.646729,285.440002,0.463190,0.045503,0.775712,0.007764
200,350,DoubleBM2,5,23812.000000,12600.000000,8.194026,5.855934,0.426028,0.091072,4.069403,0.905017,1841.875854,1668.730469,0.633814,0.775554,0.034787,0.019567,0.332287,0.194449,0.673582,1.064132,0.714659,0.647477,0.905995,0.008756,0.037173,0.053186,67.917076,73.432526,1944.369629,123.562042,2707.196289,288.548553,1944.369629,123.562042,2707.196289,288.548553,12,15,0.017096,2942.744385,2707.196289,288.548553,0.017096,2942.744385,2707.196289,288.548553,0.463190,0.045503,0.775712,0.007764
200,350,DoubleBM2,6,23812.000000,12600.000000,8.194026,5.855934,0.426028,0.091072,4.069403,0.905017,1829.721313,1656.134888,0.629631,0.769700,0.035185,0.020099,0.336084,0.199728,0.686844,1.041961,0.714659,0.646859,0.905129,0.008756,0.041526,0.059156,67.625084,86.931793,1966.587646,123.000031,2780.694336,241.545090,1966.587646,123.000031,2780.694336,241.545090,12,15,0.017096,3188.374023,2780.694336,241.545090,0.017096,3188.374023,2780.694336,241.545090,0.463190,0.045503,0.775712,0.007764
200,350,DoubleBM2,7,23812.000000,12600.000000,8.194026,5.855934,0.426028,0.091072,4.069403,0.905017,1800.935913,1635.430664,0.619726,0.760077,0.035337,0.020874,0.337537,0.207430,0.707499,1.135861,0.714659,0.648982,0.908100,0.008756,0.043451,0.061810,76.521423,84.621376,1975.091187,228.124069,2887.923584,246.013260,1975.091187,228.124069,2887.923584,246.013260,12,15,153.362595,517.392761,2887.923584,246.013260,153.362595,517.392761,2887.923584,246.013260,0.463190,0.045503,0.775712,0.007764
200,350,DoubleBM2,-1,23812.000000,12600.000000,8.194026,5.855934,0.426028,0.091072,4.069403,0.905017,1824.889404,1652.188599,0.627969,0.767866,0.035362,0.020287,0.337775,0.201600,0.653508,0.979076,0.714659,0.647026,0.905364,0.008756,0.042676,0.060737,67.343361,90.322334,1976.478882,122.917625,2806.755127,470.617310,1976.478882,122.917625,2806.755127,470.617310,12,15,0.017096,1947.734131,2806.755127,470.617310,0.017096,1947.734131,2806.755127,470.617310,0.463190,0.045503,0.775712,0.007764
200,350,DoubleBM2,-2,23812.000000,12600.000000,8.194026,5.855934,0.426028,0.091072,4.069403,0.905017,1829.628174,1656.040039,0.629599,0.769656,0.035188,0.020102,0.336117,0.199762,0.686788,1.042289,0.714659,0.646855,0.905124,0.008756,0.042760,0.060852,67.621353,90.763351,1966.778564,122.994194,2781.169922,472.791840,1966.778564,122.994194,2781.169922,472.791840,12,15,0.017096,3177.827148,2781.169922,472.791840,0.017096,3177.827148,2781.169922,472.791840,0.463190,0.045503,0.775712,0.007764
200,350,DoubleBM2,-3,23812.000000,12600.000000,8.194026,5.855934,0.426028,0.091072,4.069403,0.905017,1829.719604,1656.136963,0.629631,0.769701,0.035185,0.020099,0.336084,0.199727,0.686827,1.041950,0.714659,0.646860,0.905132,0.008756,0.042764,0.060858,67.625275,90.780388,1966.589478,123.000824,2780.683105,472.898071,1966.589478,123.000824,2780.683105,472.898071,12,15,0.017096,3191.318115,2780.683105,472.898071,0.017096,3191.318115,2780.683105,472.898071,0.463190,0.045503,0.775712,0.007764
200,350,DoubleBM2,-4,23812.000000,12600.000000,8.194026,5.855934,0.426028,0.091072,4.069403,0.905017,1829.628174,1656.040039,0.629599,0.769656,0.035188,0.020102,0.336117,0.199762,0.686788,1.042289,0.714659,0.646855,0.905124,0.008756,0.042760,0.060852,67.621353,90.763351,1966.778564,122.994194,2781.169922,472.791840,1966.778564,122.994194,2781.169922,472.791840,12,15,0.017096,3177.827148,2781.169922,472.791840,0.017096,3177.827148,2781.169922,472.791840,0.463190,0.045503,0.775712,0.007764
200,350,DoubleBM2,-5,23812.000000,12600.000000,8.194026,5.855934,0.426028,0.091072,4.069403,0.905017,1829.628174,1656.040039,0.629599,0.769656,0.035188,0.020102,0.336117,0.199762,0.686788,1.042289,0.714659,0.646855,0.905124,0.008756,0.042760,0.060852,67.621353,90.763351,1966.778564,122.994194,2781.169922,472.791840,1966.778564,122.994194,2781.169922,472.791840,12,15,0.017096,3177.827148,2781.169922,472.791840,0.017096,3177.827148,2781.169922,472.791840,0.463190,0.045503,0.775712,0.007764
200,350,DoubleBM2,-6,23812.000000,12600.000000,8.194026,5.855934,0.426028,0.091072,4.069403,0.905017,1829.628174,1656.040039,0.629599,0.769656,0.035188,0.020102,0.336117,0.199762,0.686788,1.042289,0.714659,0.646855,0.905124,0.008756,0.042760,0.060852,67.621353,90.763351,1966.778564,122.994194,2781.169922,472.791840,1966.778564,122.994194,2781.169922,472.791840,12,15,0.017096,3177.827148,2781.169922,472.791840,0.017096,3177.827148,2781.169922,472.791840,0.463190,0.045503,0.775712,0.007764
200,350,DoubleBM2,-7,23812.000000,12600.000000,8.194026,5.855934,0.426028,0.091072,4.069403,0.905017,1869.904419,1676.847534,0.643459,0.779326,0.033943,0.019309,0.324222,0.191880,0.671224,0.957889,0.714659,0.640874,0.896756,0.008756,0.041462,0.059048,67.361206,90.112015,1897.177856,121.717125,2671.423828,467.200134,1897.177856,121.717125,2671.423828,467.200134,12,15,0.017096,877.785217,2671.423828,467.200134,0.017096,877.785217,2671.423828,467.200134,0.463190,0.045503,0.775712,0.007764
200,350,DoubleBM2,666,23812.000000,12600.000000,8.194026,5.855934,0.426028,0.091072,4.069403,0.905017,1823.788574,1552.214233,0.627590,0.721402,0.034881,0.023483,0.333179,0.233358,0.997760,1.064216,0.714659,0.608241,0.851093,0.008756,0.039867,0.056751,65.778542,84.951546,1949.590942,118.797112,3248.902832,429.317871,1949.590942,118.797112,3248.902832,429.317871,12,15,0.017096,343.559845,3248.902832,429.317871,0.017096,343.559845,3248.902832,429.317871,0.463190,0.045503,0.775712,0.007764
200,350,DoubleBM2,667,23812.000000,12600.000000,8.194026,5.855934,0.426028,0.091072,4.069403,0.905017,1868.974976,1659.947266,0.643139,0.771472,0.033621,0.019490,0.321148,0.193679,0.911937,0.790255,0.714659,0.634731,0.888159,0.008756,0.043009,0.061158,64.984909,96.540405,1879.190552,116.300880,2696.481689,497.239105,1879.190552,116.300880,2696.481689,497.239105,12,15,0.017096,565.817139,2696.481689,497.239105,0.017096,565.817139,2696.481689,497.239105,0.463190,0.045503,0.775712,0.007764
200,350,DoubleBM2,668,23812.000000,12600.000000,8.194026,5.855934,0.426028,0.091072,4.069403,0.905017,1899.025391,1667.252563,0.653480,0.774867,0.029909,0.018244,0.285689,0.181301,1.006327,1.590451,0.714659,0.627436,0.877952,0.008756,0.034073,0.048876,81.650986,55.305477,1671.699341,231.584167,2524.138672,407.570923,1671.699341,231.584167,2524.138672,407.570923,12,15,505.812439,483.433350,2524.138672,407.570923,505.812439,483.433350,2524.138672,407.570923,0.463190,0.045503,0.775712,0.007764
200,350,DoubleBM2,669,23812.000000,12600.000000,8.194026,5.855934,0.426028,0.091072,4.069403,0.905017,1838.174927,1633.881958,0.632540,0.759358,0.034499,0.019920,0.329532,0.197951,1.883806,2.626495,0.714659,0.635232,0.888861,0.008756,0.039657,0.056549,65.992538,83.446609,1928.246338,118.609207,2755.950928,420.137756,1928.246338,118.609207,2755.950928,420.137756,12,15,0.017096,466.091034,2755.950928,420.137756,0.017096,466.091034,2755.950928,420.137756,0.463190,0.045503,0.775712,0.007764
200,350,DoubleBM2,670,23812.000000,12600.000000,8.194026,5.855934,0.426028,0.091072,4.069403,0.905017,1777.597290,1655.654663,0.611695,0.769477,0.036487,0.018562,0.348520,0.184454,1.640126,1.811222,0.714659,0.665633,0.931400,0.008756,0.044153,0.062827,64.281044,92.069061,2039.353760,117.942108,2568.042725,462.443207,2039.353760,117.942108,2568.042725,462.443207,12,15,0.017124,9504.811523,2568.042725,462.443207,0.017124,9504.811523,2568.042725,462.443207,0.463190,0.045503,0.775712,0.007764
200,350,DoubleBM2,671,23812.000000,12600.000000,8.194026,5.855934,0.426028,0.091072,4.069403,0.905017,1792.089111,1555.748657,0.616682,0.723045,0.034800,0.022276,0.332413,0.221365,2.336010,2.483260,0.714659,0.620410,0.868120,0.008756,0.045980,0.065212,77.900406,93.385651,1945.103271,215.951736,3081.935791,475.137939,1945.103271,215.951736,3081.935791,475.137939,12,15,199.809875,441.011322,3081.935791,475.137939,199.809875,441.011322,3081.935791,475.137939,0.463190,0.045503,0.775712,0.007764
200,350,DoubleBM2,672,23812.000000,12600.000000,8.194026,5.855934,0.426028,0.091072,4.069403,0.905017,1743.485596,1536.766846,0.599957,0.714223,0.038244,0.024232,0.365305,0.240807,1.060581,1.533055,0.714659,0.629924,0.881434,0.008756,0.046143,0.065464,67.584038,95.518188,2137.572266,125.272179,3352.609375,501.332733,2137.572266,125.272179,3352.609375,501.332733,12,15,0.017096,212.358719,3352.609375,501.332733,0.017096,212.358719,3352.609375,501.332733,0.463190,0.045503,0.775712,0.007764
200,350,DoubleBM2,673,23812.000000,12600.000000,8.194026,5.855934,0.426028,0.091072,4.069403,0.905017,1783.363037,1542.132080,0.613679,0.716716,0.034603,0.023522,0.330523,0.233744,1.639098,2.482405,0.714659,0.617989,0.864733,0.008756,0.042782,0.060793,69.735016,88.095276,1934.046997,166.946030,3254.278809,450.918671,1934.046997,166.946030,3254.278809,450.918671,12,15,333.865967,284.607666,3254.278809,450.918671,333.865967,284.607666,3254.278809,450.918671,0.463190,0.045503,0.775712,0.007764
200,350,DoubleBM2,674,23812.000000,12600.000000,8.194026,5.855934,0.426028,0.091072,4.069403,0.905017,1799.431885,1581.653076,0.619208,0.735084,0.036181,0.021942,0.345596,0.218045,1.045684,1.194151,0.714659,0.628166,0.878974,0.008756,0.077684,0.109233,63.924736,187.356552,2022.247925,116.311218,3035.711914,688.178284,2022.247925,116.311218,3035.711914,688.178284,12,15,0.017096,172.051941,3035.711914,688.178284,0.017096,172.051941,3035.711914,688.178284,0.463190,0.045503,0.775712,0.007764
200,350,DoubleBM2,675,23812.000000,12600.000000,8.194026,5.855934,0.426028,0.091072,4.069403,0.905017,1815.426147,1614.660889,0.624712,0.750424,0.035436,0.021061,0.338483,0.209290,1.234468,1.627324,0.714659,0.635626,0.889411,0.008756,0.042052,0.059842,65.129623,89.752960,1980.626465,117.371521,2913.814941,453.474701,1980.626465,117.371521,2913.814941,453.474701,12,15,0.017096,483.842407,2913.814941,453.474701,0.017096,483.842407,2913.814941,453.474701,0.463190,0.045503,0.775712,0.007764
200,350,DoubleBM2,676,23812.000000,12600.000000,8.194026,5.855934,0.426028,0.091072,4.069403,0.905017,1874.559082,1742.014893,0.645061,0.809613,0.031794,0.015599,0.303698,0.155010,2.093232,2.307608,0.714659,0.664128,0.929293,0.008756,0.043025,0.061271,86.689507,79.034546,1777.082397,307.412567,2158.112793,353.194641,1777.082397,307.412567,2158.112793,353.194641,12,15,336.588043,714.773132,2158.112793,353.194641,336.588043,714.773132,2158.112793,353.194641,0.463190,0.045503,0.775712,0.007764
200,350,DoubleBM2,677,23812.000000,12600.000000,8.194026,5.855934,0.426028,0.091072,4.069403,0.905017,1944.843628,1640.641235,0.669247,0.762499,0.026150,0.020019,0.249782,0.198936,1.111608,1.362182,0.714659,0.602876,0.843585,0.008756,0.039723,0.056536,76.980347,86.421936,1461.594482,220.982376,2769.660645,437.108948,1461.594482,220.982376,2769.660645,437.108948,12,15,1054.895996,509.342651,2769.660645,437.108948,1054.895996,509.342651,2769.660645,437.108948,0.463190,0.045503,0.775712,0.007764
200,350,DoubleBM2,678,23812.000000,12600.000000,8.194026,5.855934,0.426028,0.091072,4.069403,0.905017,1760.437744,1598.790283,0.605790,0.743048,0.037090,0.021181,0.354284,0.210482,1.575995,1.518962,0.714659,0.649037,0.908178,0.008756,0.041316,0.058873,70.423836,79.168030,2073.080811,129.456009,2930.411133,353.508087,2073.080811,129.456009,2930.411133,353.508087,12,15,0.017096,588.770691,2930.411133,353.508087,0.017096,588.770691,2930.411133,353.508087,0.463190,0.045503,0.775712,0.007764
200,350,DoubleBM2,679,23812.000000,12600.000000,8.194026,5.855934,0.426028,0.091072,4.069403,0.905017,1798.824219,1707.829468,0.618999,0.793725,0.035966,0.016733,0.343545,0.166281,1.458224,1.287124,0.714659,0.678507,0.949414,0.008756,0.038890,0.055647,68.358406,73.279549,2010.244873,125.521591,2315.030518,306.132812,2010.244873,125.521591,2315.030518,306.132812,12,15,0.017096,244.194748,2315.030518,306.132812,0.017096,244.194748,2315.030518,306.132812,0.463190,0.045503,0.775712,0.007764
200,350,DoubleBM2,680,23812.000000,12600.000000,8.194026,5.855934,0.426028,0.091072,4.069403,0.905017,1712.161743,1613.842407,0.589178,0.750044,0.038661,0.020573,0.369286,0.204437,1.850885,2.007673,0.714659,0.673620,0.942576,0.008756,0.039003,0.055784,64.495544,70.963989,2160.865967,118.784653,2846.254150,289.411011,2160.865967,118.784653,2846.254150,289.411011,12,15,0.017096,492.018524,2846.254150,289.411011,0.017096,492.018524,2846.254150,289.411011,0.463190,0.045503,0.775712,0.007764
200,350,DoubleBM2,681,23812.000000,12600.000000,8.194026,5.855934,0.426028,0.091072,4.069403,0.905017,1838.766479,1661.367188,0.632744,0.772132,0.034405,0.018130,0.328631,0.180169,3.136559,3.196663,0.714659,0.645710,0.903523,0.008756,0.041409,0.058990,64.822311,88.999481,1922.974243,116.478287,2508.388184,445.659332,1922.974243,116.478287,2508.388184,445.659332,12,15,0.017096,462.598297,2508.388184,445.659332,0.017096,462.598297,2508.388184,445.659332,0.463190,0.045503,0.775712,0.007764
200,350,DoubleBM2,682,23812.000000,12600.000000,8.194026,5.855934,0.426028,0.091072,4.069403,0.905017,1840.866455,1657.226562,0.633467,0.770207,0.034176,0.018311,0.326453,0.181963,2.925408,3.155479,0.714659,0.643366,0.900243,0.008756,0.035839,0.051348,65.931213,70.707733,1910.228760,118.516045,2533.360352,280.201233,1910.228760,118.516045,2533.360352,280.201233,12,15,0.017096,2756.588135,2533.360352,280.201233,0.017096,2756.588135,2533.360352,280.201233,0.463190,0.045503,0.775712,0.007764
200,350,DoubleBM2,683,23812.000000,12600.000000,8.194026,5.855934,0.426028,0.091072,4.069403,0.905017,1907.540405,1656.494751,0.656410,0.769867,0.029412,0.019078,0.280946,0.189580,1.544034,1.578412,0.714659,0.620605,0.868393,0.008756,0.039198,0.055871,73.664383,82.790886,1643.945312,189.716202,2639.412842,413.665283,1643.945312,189.716202,2639.412842,413.665283,12,15,592.031738,379.440186,2639.412842,413.665283,592.031738,379.440186,2639.412842,413.665283,0.463190,0.045503,0.775712,0.007764
200,350,DoubleBM2,684,23812.000000,12600.000000,8.194026,5.855934,0.426028,0.091072,4.069403,0.905017,1868.185669,1709.814575,0.642868,0.794648,0.033484,0.016970,0.319834,0.168635,2.072469,2.228481,0.714659,0.654075,0.915227,0.008756,0.036493,0.052281,67.569351,72.637360,1871.501221,122.235794,2347.798584,300.515076,1871.501221,122.235794,2347.798584,300.515076,12,15,0.017096,520.060059,2347.798584,300.515076,0.017096,520.060059,2347.798584,300.515076,0.463190,0.045503,0.775712,0.007764
200,350,DoubleBM2,685,23812.000000,12600.000000,8.194026,5.855934,0.426028,0.091072,4.069403,0.905017,1862.920044,1681.604248,0.641056,0.781537,0.031600,0.018144,0.301844,0.180301,1.611616,2.074570,0.714659,0.645102,0.902671,0.008756,0.045219,0.064233,92.385559,83.303780,1766.231323,359.750336,2510.215088,404.072876,1766.231323,359.750336,2510.215088,404.072876,12,15,392.051300,852.277222,2510.215088,404.072876,392.051300,852.277222,2510.215088,404.072876,0.463190,0.045503,0.775712,0.007764
200,350,DoubleBM2,686,23812.000000,12600.000000,8.194026,5.855934,0.426028,0.091072,4.069403,0.905017,1883.220459,1641.103638,0.648041,0.762714,0.033005,0.020275,0.315265,0.201482,2.099802,1.649484,0.714659,0.622779,0.871435,0.008756,0.045175,0.064108,87.457550,91.448494,1844.765869,222.877350,2805.112061,473.040894,1844.765869,222.877350,2805.112061,473.040894,12,15,8.848297,8031.946777,2805.112061,473.040894,8.848297,8031.946777,2805.112061,473.040894,0.463190,0.045503,0.775712,0.007764
200,350,DoubleBM2,687,23812.000000,12600.000000,8.194026,5.855934,0.426028,0.091072,4.069403,0.905017,1931.359253,1795.381104,0.664606,0.834415,0.026979,0.013662,0.257702,0.135761,1.047683,1.637417,0.714659,0.664343,0.929595,0.008756,0.039834,0.056890,74.428497,82.472061,1507.937866,203.445206,1890.116577,404.516602,1507.937866,203.445206,1890.116577,404.516602,12,15,955.512573,450.380798,1890.116577,404.516602,955.512573,450.380798,1890.116577,404.516602,0.463190,0.045503,0.775712,0.007764
200,350,DoubleBM2,688,23812.000000,12600.000000,8.194026,5.855934,0.426028,0.091072,4.069403,0.905017,1854.021606,1689.827393,0.637994,0.785359,0.034115,0.017897,0.325870,0.177851,2.206802,2.411679,0.714659,0.651368,0.911439,0.008756,0.043468,0.061841,70.207794,92.855240,1906.818848,128.192795,2476.112549,476.401886,1906.818848,128.192795,2476.112549,476.401886,12,15,0.017096,660.360962,2476.112549,476.401886,0.017096,660.360962,2476.112549,476.401886,0.463190,0.045503,0.775712,0.007764
200,350,DoubleBM2,689,23812.000000,12600.000000,8.194026,5.855934,0.426028,0.091072,4.069403,0.905017,1902.851807,1816.352539,0.654797,0.844162,0.032654,0.012586,0.311914,0.125074,2.175758,2.698287,0.714659,0.682172,0.954542,0.008756,0.046433,0.066016,81.836136,95.826233,1825.153809,254.318390,1741.331665,488.473175,1825.153809,254.318390,1741.331665,488.473175,12,15,19.943115,6509.554688,1741.331665,488.473175,19.943115,6509.554688,1741.331665,488.473175,0.463190,0.045503,0.775712,0.007764
200,350,DoubleBM2,690,23812.000000,12600.000000,8.194026,5.855934,0.426028,0.091072,4.069403,0.905017,1825.292358,1687.130371,0.628107,0.784105,0.035333,0.017613,0.337503,0.175025,1.601586,2.818586,0.714659,0.660564,0.924307,0.008756,0.041505,0.059170,66.405922,86.427979,1974.889526,121.302101,2436.770508,435.785706,1974.889526,121.302101,2436.770508,435.785706,12,15,0.017096,721.681396,2436.770508,435.785706,0.017096,721.681396,2436.770508,435.785706,0.463190,0.045503,0.775712,0.007764
200,350,DoubleBM2,691,23812.000000,12600.000000,8.194026,5.855934,0.426028,0.091072,4.069403,0.905017,1819.968506,1634.727295,0.626275,0.759750,0.035099,0.019844,0.335262,0.197202,2.198062,2.330631,0.714659,0.641919,0.898217,0.008756,0.038308,0.054721,66.627289,77.043114,1961.774536,119.670403,2745.524414,337.392670,1961.774536,119.670403,2745.524414,337.392670,12,15,0.017096,270.882385,2745.524414,337.392670,0.017096,270.882385,2745.524414,337.392670,0.463190,0.045503,0.775712,0.007764
200,350,DoubleBM2,692,23812.000000,12600.000000,8.194026,5.855934,0.426028,0.091072,4.069403,0.905017,1834.051880,1670.601807,0.631122,0.776423,0.034853,0.018673,0.332918,0.185565,1.442101,1.870080,0.714659,0.650969,0.910880,0.008756,0.042915,0.061078,67.276932,91.511497,1948.061646,121.911064,2583.507568,475.956421,1948.061646,121.911064,2583.507568,475.956421,12,15,0.017096,295.760071,2583.507568,475.956421,0.017096,295.760071,2583.507568,475.956421,0.463190,0.045503,0.775712,0.007764
200,350,DoubleBM2,693,23812.000000,12600.000000,8.194026,5.855934,0.426028,0.091072,4.069403,0.905017,1795.137207,1602.092163,0.617731,0.744583,0.035913,0.020975,0.343036,0.208433,1.339971,1.065975,0.714659,0.637806,0.892462,0.008756,0.027684,0.040251,67.478592,34.770733,2007.267578,123.549133,2901.885254,302.889709,2007.267578,123.549133,2901.885254,302.889709,12,15,0.017096,435.469543,2901.885254,302.889709,0.017096,435.469543,2901.885254,302.889709,0.463190,0.045503,0.775712,0.007764
200,350,DoubleBM2,694,23812.000000,12600.000000,8.194026,5.855934,0.426028,0.091072,4.069403,0.905017,1842.523804,1637.397705,0.634037,0.760992,0.033898,0.020585,0.323790,0.204560,1.505121,1.509493,0.714659,0.635097,0.888671,0.008756,0.040468,0.057663,73.193535,81.577538,1894.649414,230.363037,2847.964111,410.296844,1894.649414,230.363037,2847.964111,410.296844,12,15,108.931572,659.452881,2847.964111,410.296844,108.931572,659.452881,2847.964111,410.296844,0.463190,0.045503,0.775712,0.007764
200,350,DoubleBM2,695,23812.000000,12600.000000,8.194026,5.855934,0.426028,0.091072,4.069403,0.905017,1969.342651,1774.905151,0.677677,0.824899,0.024796,0.014446,0.236852,0.143557,1.420768,1.386583,0.714659,0.644099,0.901268,0.008756,0.040352,0.057533,74.037415,88.949280,1385.932007,212.976959,1998.649902,442.781311,1385.932007,212.976959,1998.649902,442.781311,12,15,1124.451538,477.382599,1998.649902,442.781311,1124.451538,477.382599,1998.649902,442.781311,0.463190,0.045503,0.775712,0.007764
200,350,DoubleBM2,696,23812.000000,12600.000000,8.194026,5.855934,0.426028,0.091072,4.069403,0.905017,1870.768677,1669.119019,0.643756,0.775734,0.033383,0.019126,0.318869,0.190062,2.407420,1.366390,0.714659,0.637626,0.892210,0.008756,0.042440,0.060383,69.717957,92.048958,1865.855957,127.993126,2646.114990,483.282379,1865.855957,127.993126,2646.114990,483.282379,12,15,0.017096,1717.407227,2646.114990,483.282379,0.017096,1717.407227,2646.114990,483.282379,0.463190,0.045503,0.775712,0.007764
200,350,DoubleBM2,697,23812.000000,12600.000000,8.194026,5.855934,0.426028,0.091072,4.069403,0.905017,1893.229980,1801.779785,0.651486,0.837389,0.032308,0.013808,0.308603,0.137211,1.980788,1.608891,0.714659,0.680138,0.951696,0.008756,0.101646,0.142708,77.953583,258.854156,1805.784790,215.940475,1910.310303,887.219849,1805.784790,215.940475,1910.310303,887.219849,12,15,116.195915,436.932800,1910.310303,887.219849,116.195915,436.932800,1910.310303,887.219849,0.463190,0.045503,0.775712,0.007764
200,350,DoubleBM2,698,23812.000000,12600.000000,8.194026,5.855934,0.426028,0.091072,4.069403,0.905017,1823.513184,1711.660767,0.627495,0.795506,0.034062,0.017369,0.325358,0.172598,2.006546,2.637292,0.714659,0.670822,0.938661,0.008756,0.048072,0.068241,81.438576,95.925224,1903.826172,269.886688,2402.975830,498.956329,1903.826172,269.886688,2402.975830,498.956329,12,15,280.794617,613.953918,2402.975830,498.956329,280.794617,613.953918,2402.975830,498.956329,0.463190,0.045503,0.775712,0.007764
200,350,DoubleBM2,699,23812.000000,12600.000000,8.194026,5.855934,0.426028,0.091072,4.069403,0.905017,1782.771973,1532.533569,0.613476,0.712255,0.036825,0.024284,0.351755,0.241324,2.783550,1.399099,0.714659,0.614346,0.859635,0.008756,0.044790,0.063552,67.454628,95.507408,2058.283203,123.513374,3359.803467,493.829681,2058.283203,123.513374,3359.803467,493.829681,12,15,0.017096,356.976227,3359.803467,493.829681,0.017096,356.976227,3359.803467,493.829681,0.463190,0.045503,0.775712,0.007764
200,350,DoubleBM2,700,23812.000000,12600.000000,8.194026,5.855934,0.426028,0.091072,4.069403,0.905017,1831.214478,1690.417358,0.630145,0.785633,0.032207,0.018304,0.307643,0.181897,1.545114,1.698517,0.714659,0.659711,0.923113,0.008756,0.038417,0.054933,76.199211,68.864250,1800.165283,216.287186,2532.445312,260.128845,1800.165283,216.287186,2532.445312,260.128845,12,15,592.072571,446.349274,2532.445312,260.128845,592.072571,446.349274,2532.445312,260.128845,0.463190,0.045503,0.775712,0.007764
200,350,DoubleBM2,701,23812.000000,12600.000000,8.194026,5.855934,0.426028,0.091072,4.069403,0.905017,1774.237061,1670.407227,0.610539,0.776333,0.037233,0.018192,0.355647,0.180785,1.786784,2.295125,0.714659,0.672836,0.941479,0.008756,0.040110,0.057297,66.277473,77.601700,2081.056885,122.478951,2516.957275,365.002747,2081.056885,122.478951,2516.957275,365.002747,12,15,0.017096,230.568787,2516.957275,365.002747,0.017096,230.568787,2516.957275,365.002747,0.463190,0.045503,0.775712,0.007764
200,350,DoubleBM2,702,23812.000000,12600.000000,8.194026,5.855934,0.426028,0.091072,4.069403,0.905017,1894.413452,1581.500244,0.651893,0.735013,0.026863,0.021977,0.256598,0.218393,1.673743,2.304031,0.714659,0.596614,0.834823,0.008756,0.038124,0.054317,72.410828,80.985191,1501.478760,170.631775,3040.556396,368.020966,1501.478760,170.631775,3040.556396,368.020966,12,15,1173.156494,320.035706,3040.556396,368.020966,1173.156494,320.035706,3040.556396,368.020966,0.463190,0.045503,0.775712,0.007764
200,350,DoubleBM2,703,23812.000000,12600.000000,8.194026,5.855934,0.426028,0.091072,4.069403,0.905017,1798.672729,1686.542114,0.618947,0.783832,0.036170,0.017945,0.345495,0.178328,1.821440,2.929851,0.714659,0.670107,0.937659,0.008756,0.040377,0.057655,66.888817,79.959778,2021.655396,121.000381,2482.750488,379.515381,2021.655396,121.000381,2482.750488,379.515381,12,15,0.017096,919.495850,2482.750488,379.515381,0.017096,919.495850,2482.750488,379.515381,0.463190,0.045503,0.775712,0.007764
200,350,DoubleBM2,704,23812.000000,12600.000000,8.194026,5.855934,0.426028,0.091072,4.069403,0.905017,1785.154419,1568.966919,0.614295,0.729188,0.035757,0.022697,0.341548,0.225544,2.074771,1.437859,0.714659,0.628112,0.878897,0.008756,0.038698,0.055209,65.232010,77.826736,1998.561279,118.739388,3140.107910,393.110352,1998.561279,118.739388,3140.107910,393.110352,12,15,0.017096,440.600739,3140.107910,393.110352,0.017096,440.600739,3140.107910,393.110352,0.463190,0.045503,0.775712,0.007764
200,350,DoubleBM2,705,23812.000000,12600.000000,8.194026,5.855934,0.426028,0.091072,4.069403,0.905017,1912.880493,1740.609131,0.658248,0.808960,0.029101,0.015658,0.277973,0.155604,3.130120,2.908540,0.714659,0.650298,0.909941,0.008756,0.037225,0.053268,73.039742,74.233841,1626.548950,188.824173,2166.380127,312.652466,1626.548950,188.824173,2166.380127,312.652466,12,15,593.070496,367.858398,2166.380127,312.652466,593.070496,367.858398,2166.380127,312.652466,0.463190,0.045503,0.775712,0.007764
200,350,DoubleBM2,706,23812.000000,12600.000000,8.194026,5.855934,0.426028,0.091072,4.069403,0.905017,1963.827759,1713.108032,0.675779,0.796178,0.026292,0.017143,0.251139,0.170359,1.533340,1.882344,0.714659,0.623419,0.872331,0.008756,0.044170,0.062723,79.738586,99.467384,1469.531006,238.126633,2371.805664,526.585327,1469.531006,238.126633,2371.805664,526.585327,12,15,875.274231,506.292694,2371.805664,526.585327,875.274231,506.292694,2371.805664,526.585327,0.463190,0.045503,0.775712,0.007764
200,350,DoubleBM2,707,23812.000000,12600.000000,8.194026,5.855934,0.426028,0.091072,4.069403,0.905017,1923.031250,1708.071045,0.661741,0.793837,0.026825,0.016921,0.256234,0.168152,2.385414,2.451308,0.714659,0.634773,0.888218,0.008756,0.043079,0.061253,81.996101,90.181564,1499.346924,301.797241,2341.084717,461.290619,1499.346924,301.797241,2341.084717,461.290619,12,15,1049.423096,740.720337,2341.084717,461.290619,1049.423096,740.720337,2341.084717,461.290619,0.463190,0.045503,0.775712,0.007764
200,350,DoubleBM2,708,23812.000000,12600.000000,8.194026,5.855934,0.426028,0.091072,4.069403,0.905017,1798.263794,1643.048096,0.618806,0.763618,0.035740,0.019634,0.341389,0.195115,2.094620,2.161527,0.714659,0.652974,0.913686,0.008756,0.118479,0.166162,68.262367,291.526276,1997.625854,125.699020,2716.464600,808.400208,1997.625854,125.699020,2716.464600,808.400208,12,15,0.017096,747.759155,2716.464600,808.400208,0.017096,747.759155,2716.464600,808.400208,0.463190,0.045503,0.775712,0.007764
200,350,DoubleBM2,709,23812.000000,12600.000000,8.194026,5.855934,0.426028,0.091072,4.069403,0.905017,1757.217285,1496.319214,0.604682,0.695424,0.037272,0.024760,0.356022,0.246049,1.529051,3.150479,0.714659,0.608552,0.851528,0.008756,0.044575,0.063239,69.518211,92.239700,2083.255371,127.481216,3425.586426,473.773041,2083.255371,127.481216,3425.586426,473.773041,12,15,0.017096,1153.501221,3425.586426,473.773041,0.017096,1153.501221,3425.586426,473.773041,0.463190,0.045503,0.775712,0.007764
200,350,DoubleBM2,710,23812.000000,12600.000000,8.194026,5.855934,0.426028,0.091072,4.069403,0.905017,1832.949585,1674.174438,0.630742,0.778084,0.034921,0.018139,0.333562,0.180258,1.319982,2.171186,0.714659,0.652753,0.913377,0.008756,0.040009,0.057091,65.860954,83.132988,1951.829468,120.166603,2509.623535,389.631958,1951.829468,120.166603,2509.623535,389.631958,12,15,0.017096,906.238586,2509.623535,389.631958,0.017096,906.238586,2509.623535,389.631958,0.463190,0.045503,0.775712,0.007764
200,350,DoubleBM2,711,23812.000000,12600.000000,8.194026,5.855934,0.426028,0.091072,4.069403,0.905017,1774.686401,1595.097168,0.610693,0.741332,0.036602,0.021394,0.349625,0.212598,0.983854,1.324511,0.714659,0.642339,0.898805,0.008756,0.077165,0.108535,65.566872,182.334564,2045.819092,120.528419,2959.867432,739.372864,2045.819092,120.528419,2959.867432,739.372864,12,15,0.017096,647.538757,2959.867432,739.372864,0.017096,647.538757,2959.867432,739.372864,0.463190,0.045503,0.775712,0.007764
200,350,DoubleBM2,712,23812.000000,12600.000000,8.194026,5.855934,0.426028,0.091072,4.069403,0.905017,1827.013550,1638.881470,0.628700,0.761681,0.034647,0.019262,0.330947,0.191410,1.353681,2.154403,0.714659,0.641069,0.897027,0.008756,0.040964,0.058364,47.199722,95.783325,1936.526733,291.330109,2664.881592,491.691376,1936.526733,291.330109,2664.881592,491.691376,12,15,41.402939,5233.696289,2664.881592,491.691376,41.402939,5233.696289,2664.881592,491.691376,0.463190,0.045503,0.775712,0.007764
200,350,DoubleBM2,713,23812.000000,12600.000000,8.194026,5.855934,0.426028,0.091072,4.069403,0.905017,1864.862793,1779.887451,0.641724,0.827215,0.031807,0.013488,0.303815,0.134037,1.371158,2.604591,0.714659,0.682094,0.954433,0.008756,0.041730,0.059551,69.143921,86.616142,1777.763916,161.501373,1866.121826,437.728088,1777.763916,161.501373,1866.121826,437.728088,12,15,352.777161,276.229767,1866.121826,437.728088,352.777161,276.229767,1866.121826,437.728088,0.463190,0.045503,0.775712,0.007764
200,350,DoubleBM2,714,23812.000000,12600.000000,8.194026,5.855934,0.426028,0.091072,4.069403,0.905017,1803.005005,1614.374023,0.620438,0.750291,0.032674,0.019392,0.312104,0.192707,1.214251,1.870601,0.714659,0.639891,0.895380,0.008756,0.038669,0.055210,77.827827,68.275696,1826.271118,255.116943,2682.943604,246.326859,1826.271118,255.116943,2682.943604,246.326859,12,15,611.976562,591.901062,2682.943604,246.326859,611.976562,591.901062,2682.943604,246.326859,0.463190,0.045503,0.775712,0.007764
200,350,DoubleBM2,715,23812.000000,12600.000000,8.194026,5.855934,0.426028,0.091072,4.069403,0.905017,1814.727173,1621.802002,0.624472,0.753743,0.033926,0.017833,0.324063,0.177210,2.249450,2.212186,0.714659,0.638683,0.893689,0.008756,0.044847,0.063702,82.333992,86.916924,1896.248291,253.937622,2467.182129,382.988831,1896.248291,253.937622,2467.182129,382.988831,12,15,232.292847,545.106323,2467.182129,382.988831,232.292847,545.106323,2467.182129,382.988831,0.463190,0.045503,0.775712,0.007764
200,350,DoubleBM2,716,23812.000000,12600.000000,8.194026,5.855934,0.426028,0.091072,4.069403,0.905017,1913.569092,1716.841553,0.658485,0.797914,0.027946,0.016424,0.266939,0.163213,1.430254,2.108462,0.714659,0.641187,0.897193,0.008756,0.043863,0.062353,81.683388,91.777115,1561.987793,296.874298,2272.320801,446.266998,1561.987793,296.874298,2272.320801,446.266998,12,15,835.409851,743.621277,2272.320801,446.266998,835.409851,743.621277,2272.320801,446.266998,0.463190,0.045503,0.775712,0.007764
200,350,DoubleBM2,717,23812.000000,12600.000000,8.194026,5.855934,0.426028,0.091072,4.069403,0.905017,1801.727661,1693.918823,0.619998,0.787260,0.031848,0.016901,0.304212,0.167953,2.461488,2.433504,0.714659,0.671896,0.940164,0.008756,0.044733,0.063644,73.391258,89.203979,1780.088501,215.825363,2338.310303,439.530457,1780.088501,215.825363,2338.310303,439.530457,12,15,721.448669,502.865631,2338.310303,439.530457,721.448669,502.865631,2338.310303,439.530457,0.463190,0.045503,0.775712,0.007764
200,350,DoubleBM2,718,23812.000000,12600.000000,8.194026,5.855934,0.426028,0.091072,4.069403,0.905017,1910.763794,1773.595825,0.657519,0.824290,0.027192,0.013655,0.259742,0.135697,2.360373,2.858413,0.714659,0.663356,0.928213,0.008756,0.042175,0.060100,77.935066,86.499870,1519.871216,213.304504,1889.230225,436.548004,1519.871216,213.304504,1889.230225,436.548004,12,15,1002.442139,433.471100,1889.230225,436.548004,1002.442139,433.471100,1889.230225,436.548004,0.463190,0.045503,0.775712,0.007764
200,350,DoubleBM2,719,23812.000000,12600.000000,8.194026,5.855934,0.426028,0.091072,4.069403,0.905017,1815.760132,1661.705933,0.624827,0.772289,0.033849,0.018798,0.323325,0.186799,2.183988,1.786018,0.714659,0.654025,0.915157,0.008756,0.045933,0.065244,80.593155,90.443687,1891.929688,227.025009,2600.690430,471.690735,1891.929688,227.025009,2600.690430,471.690735,12,15,320.529999,433.454468,2600.690430,471.690735,320.529999,433.454468,2600.690430,471.690735,0.463190,0.045503,0.775712,0.007764
200,350,DoubleBM2,720,23812.000000,12600.000000,8.194026,5.855934,0.426028,0.091072,4.069403,0.905017,1733.504761,1516.507202,0.596522,0.704807,0.038241,0.024961,0.365274,0.248049,2.973722,2.547561,0.714659,0.625199,0.874821,0.008756,0.044425,0.063080,66.365730,90.781441,2137.393799,123.420761,3453.440186,470.702667,2137.393799,123.420761,3453.440186,470.702667,12,15,0.017096,1054.507568,3453.440186,470.702667,0.017096,1054.507568,3453.440186,470.702667,0.463190,0.045503,0.775712,0.007764
200,350,DoubleBM2,721,23812.000000,12600.000000,8.194026,5.855934,0.426028,0.091072,4.069403,0.905017,1797.460083,1690.069214,0.618530,0.785471,0.036329,0.017765,0.347016,0.176536,2.038184,2.227276,0.714659,0.671961,0.940254,0.008756,0.042005,0.059895,65.191002,86.048126,2030.552612,118.842636,2457.800049,425.751678,2030.552612,118.842636,2457.800049,425.751678,12,15,0.017096,169.128815,2457.800049,425.751678,0.017096,169.128815,2457.800049,425.751678,0.463190,0.045503,0.775712,0.007764
200,350,DoubleBM2,722,23812.000000,12600.000000,8.194026,5.855934,0.426028,0.091072,4.069403,0.905017,1763.811768,1616.367920,0.606951,0.751218,0.036887,0.018845,0.352343,0.187271,1.195162,1.719577,0.714659,0.654918,0.916406,0.008756,0.036574,0.052394,66.097069,66.924561,2061.724121,120.359261,2607.256348,210.300232,2061.724121,120.359261,2607.256348,210.300232,12,15,0.017096,450.685699,2607.256348,210.300232,0.017096,450.685699,2607.256348,210.300232,0.463190,0.045503,0.775712,0.007764
200,350,DoubleBM2,723,23812.000000,12600.000000,8.194026,5.855934,0.426028,0.091072,4.069403,0.905017,1763.771118,1643.755005,0.606937,0.763946,0.035790,0.018491,0.341864,0.183752,1.346312,1.615968,0.714659,0.666030,0.931955,0.008756,0.149922,0.210091,84.374596,361.553223,2000.406616,279.221710,2558.261230,1452.482056,2000.406616,279.221710,2558.261230,1452.482056,12,15,216.092880,628.498413,2558.261230,1452.482056,216.092880,628.498413,2558.261230,1452.482056,0.463190,0.045503,0.775712,0.007764
200,350,DoubleBM2,724,23812.000000,12600.000000,8.194026,5.855934,0.426028,0.091072,4.069403,0.905017,1767.774414,1578.299561,0.608315,0.733525,0.036832,0.021918,0.351817,0.217804,2.764017,2.332036,0.714659,0.638060,0.892817,0.008756,0.096789,0.135875,67.428223,231.724548,2058.649170,125.062248,3032.349365,816.533508,2058.649170,125.062248,3032.349365,816.533508,12,15,0.017096,621.048218,3032.349365,816.533508,0.017096,621.048218,3032.349365,816.533508,0.463190,0.045503,0.775712,0.007764
200,350,DoubleBM2,725,23812.000000,12600.000000,8.194026,5.855934,0.426028,0.091072,4.069403,0.905017,1792.362915,1644.284790,0.616776,0.764192,0.031810,0.019285,0.303852,0.191645,2.646881,2.649702,0.714659,0.655617,0.917384,0.008756,0.039558,0.056483,72.978943,73.217773,1777.979492,211.267365,2668.158936,323.130798,1777.979492,211.267365,2668.158936,323.130798,12,15,835.901489,474.868408,2668.158936,323.130798,835.901489,474.868408,2668.158936,323.130798,0.463190,0.045503,0.775712,0.007764
200,350,DoubleBM2,726,23812.000000,12600.000000,8.194026,5.855934,0.426028,0.091072,4.069403,0.905017,1728.931763,1484.922729,0.594948,0.690128,0.038259,0.025435,0.365444,0.252756,2.848704,2.420070,0.714659,0.613797,0.858867,0.008756,0.042113,0.059860,66.544518,84.341690,2138.388672,123.583519,3518.973633,430.460785,2138.388672,123.583519,3518.973633,430.460785,12,15,0.017096,337.740784,3518.973633,430.460785,0.017096,337.740784,3518.973633,430.460785,0.463190,0.045503,0.775712,0.007764
200,350,DoubleBM2,727,23812.000000,12600.000000,8.194026,5.855934,0.426028,0.091072,4.069403,0.905017,1825.572388,1558.274170,0.628204,0.724218,0.035019,0.022407,0.334501,0.222667,1.826556,3.199064,0.714659,0.610019,0.853581,0.008756,0.043777,0.062143,64.232727,97.464394,1957.323242,116.383308,3100.059326,500.940674,1957.323242,116.383308,3100.059326,500.940674,12,15,0.017096,272.223053,3100.059326,500.940674,0.017096,272.223053,3100.059326,500.940674,0.463190,0.045503,0.775712,0.007764
200,350,DoubleBM2,728,23812.000000,12600.000000,8.194026,5.855934,0.426028,0.091072,4.069403,0.905017,1828.385254,1661.775513,0.629172,0.772321,0.035146,0.018809,0.335714,0.186916,1.546155,1.627451,0.714659,0.649536,0.908876,0.008756,0.036688,0.052530,64.457932,73.334023,1964.421631,119.049843,2602.319580,312.945526,1964.421631,119.049843,2602.319580,312.945526,12,15,0.017096,1862.424927,2602.319580,312.945526,0.017096,1862.424927,2602.319580,312.945526,0.463190,0.045503,0.775712,0.007764
200,350,DoubleBM2,729,23812.000000,12600.000000,8.194026,5.855934,0.426028,0.091072,4.069403,0.905017,1816.693237,1561.561523,0.625148,0.725746,0.035588,0.022731,0.339932,0.225886,1.297691,1.759476,0.714659,0.614294,0.859562,0.008756,0.043500,0.061773,69.995125,92.779381,1989.100464,128.414047,3144.875977,472.896240,1989.100464,128.414047,3144.875977,472.896240,12,15,0.017096,795.262268,3144.875977,472.896240,0.017096,795.262268,3144.875977,472.896240,0.463190,0.045503,0.775712,0.007764
200,350,DoubleBM2,730,23812.000000,12600.000000,8.194026,5.855934,0.426028,0.091072,4.069403,0.905017,1799.674072,1619.951904,0.619292,0.752883,0.036281,0.020922,0.346558,0.207910,1.285071,2.422647,0.714659,0.643290,0.900136,0.008756,0.042072,0.059894,67.972389,86.493584,2027.875488,123.668289,2894.600342,445.183502,2027.875488,123.668289,2894.600342,445.183502,12,15,0.017096,1419.015137,2894.600342,445.183502,0.017096,1419.015137,2894.600342,445.183502,0.463190,0.045503,0.775712,0.007764
200,350,DoubleBM2,731,23812.000000,12600.000000,8.194026,5.855934,0.426028,0.091072,4.069403,0.905017,1820.236938,1656.380249,0.626368,0.769814,0.031960,0.019519,0.305277,0.193972,0.729696,1.107146,0.714659,0.650326,0.909980,0.008756,0.043668,0.062112,79.041748,84.833939,1786.318481,259.737152,2700.551514,428.547394,1786.318481,259.737152,2700.551514,428.547394,12,15,704.970886,635.522461,2700.551514,428.547394,704.970886,635.522461,2700.551514,428.547394,0.463190,0.045503,0.775712,0.007764
200,350,DoubleBM2,732,23812.000000,12600.000000,8.194026,5.855934,0.426028,0.091072,4.069403,0.905017,1843.373535,1641.615234,0.634329,0.762952,0.030664,0.019517,0.292902,0.193946,0.950784,1.974496,0.714659,0.636439,0.890549,0.008756,0.047221,0.066970,87.432014,93.663483,1713.909546,275.682343,2700.190918,476.640350,1713.909546,275.682343,2700.190918,476.640350,12,15,782.438599,676.324158,2700.190918,476.640350,782.438599,676.324158,2700.190918,476.640350,0.463190,0.045503,0.775712,0.007764
200,350,DoubleBM2,733,23812.000000,12600.000000,8.194026,5.855934,0.426028,0.091072,4.069403,0.905017,1849.091187,1619.750122,0.636297,0.752790,0.033660,0.020515,0.321517,0.203869,1.642931,1.924700,0.714659,0.626020,0.875971,0.008756,0.046160,0.065476,79.212563,97.209755,1881.346558,272.967224,2838.337158,505.878601,1881.346558,272.967224,2838.337158,505.878601,12,15,95.376823,1120.915649,2838.337158,505.878601,95.376823,1120.915649,2838.337158,505.878601,0.463190,0.045503,0.775712,0.007764
200,350,DoubleBM2,734,23812.000000,12600.000000,8.194026,5.855934,0.426028,0.091072,4.069403,0.905017,1811.226440,1541.615601,0.623267,0.716476,0.035417,0.023656,0.338299,0.235076,2.449671,2.544697,0.714659,0.608278,0.851145,0.008756,0.047580,0.067390,98.979187,86.278748,1979.546021,277.238220,3272.817383,443.340393,1979.546021,277.238220,3272.817383,443.340393,12,15,37.015270,2942.480469,3272.817383,443.340393,37.015270,2942.480469,3272.817383,443.340393,0.463190,0.045503,0.775712,0.007764
200,350,DoubleBM2,735,23812.000000,12600.000000,8.194026,5.855934,0.426028,0.091072,4.069403,0.905017,1816.921509,1586.391846,0.625227,0.737286,0.035588,0.022290,0.339940,0.221506,1.453459,1.636513,0.714659,0.623984,0.873121,0.008756,0.036942,0.052787,69.465889,71.708771,1989.150146,127.971809,3083.897705,289.926758,1989.150146,127.971809,3083.897705,289.926758,12,15,0.017096,494.719574,3083.897705,289.926758,0.017096,494.719574,3083.897705,289.926758,0.463190,0.045503,0.775712,0.007764
200,350,DoubleBM2,736,23812.000000,12600.000000,8.194026,5.855934,0.426028,0.091072,4.069403,0.905017,1824.384644,1675.594604,0.627795,0.778744,0.034947,0.017736,0.333811,0.176248,2.064733,1.756608,0.714659,0.656374,0.918444,0.008756,0.039792,0.056805,64.690971,82.392708,1953.283569,117.344109,2453.791504,404.845154,1953.283569,117.344109,2453.791504,404.845154,12,15,0.017096,455.506470,2453.791504,404.845154,0.017096,455.506470,2453.791504,404.845154,0.463190,0.045503,0.775712,0.007764
200,350,DoubleBM2,737,23812.000000,12600.000000,8.194026,5.855934,0.426028,0.091072,4.069403,0.905017,1830.409180,1719.622925,0.629868,0.799206,0.033438,0.016327,0.319396,0.162244,2.163249,2.236166,0.714659,0.671404,0.939475,0.008756,0.042553,0.060646,77.167870,81.379608,1868.934448,274.400513,2258.818359,392.453888,1868.934448,274.400513,2258.818359,392.453888,12,15,264.992218,653.390808,2258.818359,392.453888,264.992218,653.390808,2258.818359,392.453888,0.463190,0.045503,0.775712,0.007764
200,350,DoubleBM2,738,23812.000000,12600.000000,8.194026,5.855934,0.426028,0.091072,4.069403,0.905017,1860.566284,1671.947632,0.640246,0.777049,0.033723,0.018442,0.322118,0.183270,2.105314,1.618541,0.714659,0.642209,0.898623,0.008756,0.038983,0.055648,66.834671,81.810982,1884.865112,119.445885,2551.552979,400.228455,1884.865112,119.445885,2551.552979,400.228455,12,15,0.017096,1365.084961,2551.552979,400.228455,0.017096,1365.084961,2551.552979,400.228455,0.463190,0.045503,0.775712,0.007764
200,350,DoubleBM2,739,23812.000000,12600.000000,8.194026,5.855934,0.426028,0.091072,4.069403,0.905017,2007.746338,1856.024902,0.690892,0.862600,0.022685,0.011127,0.216682,0.110571,1.421205,1.402514,0.714659,0.660653,0.924432,0.008756,0.038273,0.054739,80.078384,77.982452,1267.907593,249.921097,1539.407104,344.825195,1267.907593,249.921097,1539.407104,344.825195,12,15,1232.007690,579.769470,1539.407104,344.825195,1232.007690,579.769470,1539.407104,344.825195,0.463190,0.045503,0.775712,0.007764
200,350,DoubleBM2,740,23812.000000,12600.000000,8.194026,5.855934,0.426028,0.091072,4.069403,0.905017,1792.589478,1562.882080,0.616854,0.726360,0.035043,0.021658,0.334734,0.215227,1.964408,2.116826,0.714659,0.623080,0.871857,0.008756,0.043794,0.062204,81.186043,84.003716,1958.687378,267.892731,2996.469971,416.576477,1958.687378,267.892731,2996.469971,416.576477,12,15,101.316177,909.949280,2996.469971,416.576477,101.316177,909.949280,2996.469971,416.576477,0.463190,0.045503,0.775712,0.007764
200,350,DoubleBM2,741,23812.000000,12600.000000,8.194026,5.855934,0.426028,0.091072,4.069403,0.905017,1845.093384,1645.671753,0.634921,0.764837,0.032542,0.019053,0.310840,0.189335,3.080417,2.416223,0.714659,0.637417,0.891918,0.008756,0.037131,0.053093,75.384804,68.331757,1818.873047,220.686432,2635.991455,225.194824,1818.873047,220.686432,2635.991455,225.194824,12,15,183.625244,481.523621,2635.991455,225.194824,183.625244,481.523621,2635.991455,225.194824,0.463190,0.045503,0.775712,0.007764
200,350,DoubleBM2,742,23812.000000,12600.000000,8.194026,5.855934,0.426028,0.091072,4.069403,0.905017,1842.905518,1677.648560,0.634168,0.779698,0.033580,0.015481,0.320759,0.153840,2.428891,1.813791,0.714659,0.650574,0.910328,0.008756,0.038791,0.055413,73.191711,74.610283,1876.912476,215.666077,2141.824463,294.471863,1876.912476,215.666077,2141.824463,294.471863,12,15,94.335457,640.656006,2141.824463,294.471863,94.335457,640.656006,2141.824463,294.471863,0.463190,0.045503,0.775712,0.007764
200,350,DoubleBM2,743,23812.000000,12600.000000,8.194026,5.855934,0.426028,0.091072,4.069403,0.905017,1831.483276,1669.506836,0.630238,0.775914,0.033283,0.018068,0.317914,0.179549,1.757931,2.316144,0.714659,0.651454,0.911560,0.008756,0.041250,0.058791,77.761032,78.428116,1860.266602,241.031784,2499.748779,353.452728,1860.266602,241.031784,2499.748779,353.452728,12,15,276.199280,531.766663,2499.748779,353.452728,276.199280,531.766663,2499.748779,353.452728,0.463190,0.045503,0.775712,0.007764
200,350,DoubleBM2,744,23812.000000,12600.000000,8.194026,5.855934,0.426028,0.091072,4.069403,0.905017,1904.033936,1753.776489,0.655203,0.815079,0.030565,0.015083,0.291960,0.149890,1.503850,1.918848,0.714659,0.658261,0.921085,0.008756,0.038777,0.055420,76.094551,75.898186,1708.395264,242.764343,2086.827148,331.598175,1708.395264,242.764343,2086.827148,331.598175,12,15,361.413116,575.312134,2086.827148,331.598175,361.413116,575.312134,2086.827148,331.598175,0.463190,0.045503,0.775712,0.007764
200,350,DoubleBM2,745,23812.000000,12600.000000,8.194026,5.855934,0.426028,0.091072,4.069403,0.905017,1865.154175,1688.456787,0.641824,0.784722,0.033689,0.018255,0.321792,0.181408,1.414908,2.054461,0.714659,0.646955,0.905264,0.008756,0.047792,0.067788,100.864655,84.973473,1882.959961,403.375702,2525.633301,395.961700,1882.959961,403.375702,2525.633301,395.961700,12,15,105.353745,1997.433960,2525.633301,395.961700,105.353745,1997.433960,2525.633301,395.961700,0.463190,0.045503,0.775712,0.007764
200,350,DoubleBM2,746,23812.000000,12600.000000,8.194026,5.855934,0.426028,0.091072,4.069403,0.905017,1950.042114,1761.666138,0.671035,0.818746,0.027154,0.014921,0.259371,0.148275,1.713009,1.516046,0.714659,0.645622,0.903399,0.008756,0.045872,0.065134,87.330124,97.172607,1517.703369,312.032288,2064.345947,500.870605,1517.703369,312.032288,2064.345947,500.870605,12,15,717.574829,723.287598,2064.345947,500.870605,717.574829,723.287598,2064.345947,500.870605,0.463190,0.045503,0.775712,0.007764
200,350,DoubleBM2,747,23812.000000,12600.000000,8.194026,5.855934,0.426028,0.091072,4.069403,0.905017,1769.339111,1551.349731,0.608853,0.721000,0.036802,0.023684,0.351530,0.235356,0.850398,1.317421,0.714659,0.626610,0.876796,0.008756,0.037688,0.053819,63.830605,74.660507,2056.966797,121.555595,3276.711914,217.480728,2056.966797,121.555595,3276.711914,217.480728,12,15,0.017096,13150.195312,3276.711914,217.480728,0.017096,13150.195312,3276.711914,217.480728,0.463190,0.045503,0.775712,0.007764
200,350,DoubleBM2,748,23812.000000,12600.000000,8.194026,5.855934,0.426028,0.091072,4.069403,0.905017,1851.779297,1631.367676,0.637222,0.758189,0.029673,0.019742,0.283431,0.196185,2.908514,2.106059,0.714659,0.629595,0.880973,0.008756,0.042956,0.061069,78.587746,87.153419,1658.488892,226.700027,2731.359863,436.581635,1658.488892,226.700027,2731.359863,436.581635,12,15,834.840759,489.133392,2731.359863,436.581635,834.840759,489.133392,2731.359863,436.581635,0.463190,0.045503,0.775712,0.007764
200,350,DoubleBM2,749,23812.000000,12600.000000,8.194026,5.855934,0.426028,0.091072,4.069403,0.905017,1764.568359,1528.345093,0.607211,0.710309,0.036637,0.023493,0.349958,0.233455,2.567936,1.410774,0.714659,0.618987,0.866130,0.008756,0.041149,0.058548,65.123489,84.505966,2047.768799,118.975777,3250.248535,419.005951,2047.768799,118.975777,3250.248535,419.005951,12,15,0.017096,352.543549,3250.248535,419.005951,0.017096,352.543549,3250.248535,419.005951,0.463190,0.045503,0.775712,0.007764
200,350,DoubleBM2,750,23812.000000,12600.000000,8.194026,5.855934,0.426028,0.091072,4.069403,0.905017,1770.628296,1665.527710,0.609297,0.774065,0.036528,0.018573,0.348913,0.184571,1.158218,1.824093,0.714659,0.672238,0.940642,0.008756,0.040795,0.058235,78.616653,68.898682,2041.655762,252.688950,2569.665283,230.608826,2041.655762,252.688950,2569.665283,230.608826,12,15,88.819405,926.304565,2569.665283,230.608826,88.819405,926.304565,2569.665283,230.608826,0.463190,0.045503,0.775712,0.007764
200,350,DoubleBM2,751,23812.000000,12600.000000,8.194026,5.855934,0.426028,0.091072,4.069403,0.905017,1844.491821,1649.937500,0.634714,0.766819,0.033146,0.019427,0.316607,0.193055,1.542121,1.176270,0.714659,0.639278,0.894521,0.008756,0.041259,0.058764,84.496658,75.011047,1852.619263,271.941193,2687.788574,324.289368,1852.619263,271.941193,2687.788574,324.289368,12,15,269.827759,613.359131,2687.788574,324.289368,269.827759,613.359131,2687.788574,324.289368,0.463190,0.045503,0.775712,0.007764
200,350,DoubleBM2,752,23812.000000,12600.000000,8.194026,5.855934,0.426028,0.091072,4.069403,0.905017,1778.306641,1495.244263,0.611939,0.694925,0.036561,0.024898,0.349231,0.247418,2.321787,2.700282,0.714659,0.600903,0.840825,0.008756,0.063476,0.089416,67.664772,147.346863,2043.518921,125.562790,3444.653564,830.556274,2043.518921,125.562790,3444.653564,830.556274,12,15,0.017096,441.755432,3444.653564,830.556274,0.017096,441.755432,3444.653564,830.556274,0.463190,0.045503,0.775712,0.007764
200,350,DoubleBM2,753,23812.000000,12600.000000,8.194026,5.855934,0.426028,0.091072,4.069403,0.905017,1799.685425,1679.117432,0.619296,0.780381,0.035798,0.018453,0.341945,0.183379,1.851951,1.400835,0.714659,0.666781,0.933006,0.008756,0.042973,0.061208,66.800461,88.467110,2000.879761,121.595940,2553.072021,444.741028,2000.879761,121.595940,2553.072021,444.741028,12,15,0.017096,770.129517,2553.072021,444.741028,0.017096,770.129517,2553.072021,444.741028,0.463190,0.045503,0.775712,0.007764
200,350,DoubleBM2,754,23812.000000,12600.000000,8.194026,5.855934,0.426028,0.091072,4.069403,0.905017,1768.152832,1546.692627,0.608445,0.718836,0.037146,0.023859,0.354813,0.237101,2.122964,2.374721,0.714659,0.625148,0.874750,0.008756,0.038088,0.054362,65.096245,75.083076,2076.178955,120.315285,3301.010010,271.178741,2076.178955,120.315285,3301.010010,271.178741,12,15,0.017096,1983.302124,3301.010010,271.178741,0.017096,1983.302124,3301.010010,271.178741,0.463190,0.045503,0.775712,0.007764
200,350,DoubleBM2,755,23812.000000,12600.000000,8.194026,5.855934,0.426028,0.091072,4.069403,0.905017,1819.561768,1581.449341,0.626135,0.734989,0.032640,0.022062,0.311776,0.219239,1.278321,1.335731,0.714659,0.621137,0.869137,0.008756,0.043790,0.062193,85.824257,82.864487,1824.347290,284.511780,3052.324951,395.179688,1824.347290,284.511780,3052.324951,395.179688,12,15,464.444824,652.207458,3052.324951,395.179688,464.444824,652.207458,3052.324951,395.179688,0.463190,0.045503,0.775712,0.007764
200,350,DoubleBM2,756,23812.000000,12600.000000,8.194026,5.855934,0.426028,0.091072,4.069403,0.905017,1763.931519,1495.531128,0.606992,0.695058,0.036462,0.026127,0.348279,0.259631,1.332053,0.985119,0.714659,0.605916,0.847840,0.008756,0.041190,0.058564,69.825264,82.650543,2037.947998,166.841980,3614.688965,388.281494,2037.947998,166.841980,3614.688965,388.281494,12,15,94.774414,336.285736,3614.688965,388.281494,94.774414,336.285736,3614.688965,388.281494,0.463190,0.045503,0.775712,0.007764
200,350,DoubleBM2,757,23812.000000,12600.000000,8.194026,5.855934,0.426028,0.091072,4.069403,0.905017,1852.561279,1710.888916,0.637491,0.795147,0.030632,0.017169,0.292591,0.170615,0.990244,1.131618,0.714659,0.660006,0.923526,0.008756,0.044784,0.063679,82.286919,87.762032,1712.089722,278.058563,2375.368408,438.471405,1712.089722,278.058563,2375.368408,438.471405,12,15,687.413574,788.582031,2375.368408,438.471405,687.413574,788.582031,2375.368408,438.471405,0.463190,0.045503,0.775712,0.007764
200,350,DoubleBM2,758,23812.000000,12600.000000,8.194026,5.855934,0.426028,0.091072,4.069403,0.905017,1712.925903,1517.052002,0.589441,0.705060,0.038732,0.024345,0.369963,0.241923,1.690075,1.333168,0.714659,0.632937,0.885649,0.008756,0.046385,0.065806,65.888237,94.632599,2164.826660,121.059052,3368.153564,513.903931,2164.826660,121.059052,3368.153564,513.903931,12,15,0.017096,1296.710938,3368.153564,513.903931,0.017096,1296.710938,3368.153564,513.903931,0.463190,0.045503,0.775712,0.007764
200,350,DoubleBM2,759,23812.000000,12600.000000,8.194026,5.855934,0.426028,0.091072,4.069403,0.905017,1780.115479,1608.935425,0.612561,0.747763,0.036549,0.020839,0.349119,0.207085,1.544582,1.778769,0.714659,0.645936,0.903838,0.008756,0.042106,0.059949,67.921875,85.035301,2042.863159,124.978622,2883.111328,425.400177,2042.863159,124.978622,2883.111328,425.400177,12,15,0.017096,1041.368408,2883.111328,425.400177,0.017096,1041.368408,2883.111328,425.400177,0.463190,0.045503,0.775712,0.007764
200,350,DoubleBM2,760,23812.000000,12600.000000,8.194026,5.855934,0.426028,0.091072,4.069403,0.905017,1912.541138,1694.506348,0.658131,0.787533,0.032616,0.017838,0.311548,0.177264,1.255915,0.747300,0.714659,0.633186,0.885997,0.008756,0.034913,0.050044,65.614258,73.143906,1823.016113,117.555901,2467.934570,311.472015,1823.016113,117.555901,2467.934570,311.472015,12,15,0.017096,572.167175,2467.934570,311.472015,0.017096,572.167175,2467.934570,311.472015,0.463190,0.045503,0.775712,0.007764
200,350,DoubleBM2,761,23812.000000,12600.000000,8.194026,5.855934,0.426028,0.091072,4.069403,0.905017,1822.567993,1689.598511,0.627170,0.785252,0.035057,0.017916,0.334863,0.178035,1.175657,2.151173,0.714659,0.662519,0.927043,0.008756,0.045771,0.065045,83.421616,87.433487,1959.441406,319.125824,2478.670410,439.703217,1959.441406,319.125824,2478.670410,439.703217,12,15,41.512398,3669.312988,2478.670410,439.703217,41.512398,3669.312988,2478.670410,439.703217,0.463190,0.045503,0.775712,0.007764
200,350,DoubleBM2,762,23812.000000,12600.000000,8.194026,5.855934,0.426028,0.091072,4.069403,0.905017,1853.587891,1696.779175,0.637844,0.788589,0.033789,0.016356,0.322753,0.162540,2.079699,1.930911,0.714659,0.654201,0.915403,0.008756,0.039794,0.056801,81.894295,70.942039,1888.579102,275.592010,2262.946533,272.159973,1888.579102,275.592010,2262.946533,272.159973,12,15,45.185143,2400.773438,2262.946533,272.159973,45.185143,2400.773438,2262.946533,272.159973,0.463190,0.045503,0.775712,0.007764
200,350,DoubleBM2,763,23812.000000,12600.000000,8.194026,5.855934,0.426028,0.091072,4.069403,0.905017,1841.999023,1716.834473,0.633856,0.797910,0.034642,0.016136,0.330898,0.160346,1.081003,1.828541,0.714659,0.666098,0.932050,0.008756,0.037968,0.054341,68.177063,74.423943,1936.241699,123.460266,2232.396973,311.012573,1936.241699,123.460266,2232.396973,311.012573,12,15,0.017096,338.474091,2232.396973,311.012573,0.017096,338.474091,2232.396973,311.012573,0.463190,0.045503,0.775712,0.007764
200,350,DoubleBM2,764,23812.000000,12600.000000,8.194026,5.855934,0.426028,0.091072,4.069403,0.905017,1929.939697,1792.682495,0.664118,0.833161,0.026259,0.013616,0.250825,0.135311,0.968564,1.427049,0.714659,0.663832,0.928880,0.008756,0.038404,0.054930,69.468979,81.190704,1467.697388,132.900436,1883.851562,386.849243,1467.697388,132.900436,1883.851562,386.849243,12,15,1099.009033,436.665405,1883.851562,386.849243,1099.009033,436.665405,1883.851562,386.849243,0.463190,0.045503,0.775712,0.007764
200,350,DoubleBM2,765,23812.000000,12600.000000,8.194026,5.855934,0.426028,0.091072,4.069403,0.905017,1905.561768,1639.392090,0.655729,0.761918,0.027484,0.019424,0.262530,0.193022,1.428099,1.702070,0.714659,0.614835,0.860320,0.008756,0.036788,0.052545,75.088570,73.816399,1536.184570,191.303024,2687.334229,288.074066,1536.184570,191.303024,2687.334229,288.074066,12,15,1067.178833,343.771088,2687.334229,288.074066,1067.178833,343.771088,2687.334229,288.074066,0.463190,0.045503,0.775712,0.007764
200,350,DoubleBM2,100,23812.000000,12600.000000,8.194026,5.855934,0.426028,0.091072,4.069403,0.905017,1833.755615,1655.349365,0.631020,0.769335,0.035146,0.020298,0.335711,0.201704,0.686809,1.051946,0.714659,0.645130,0.902710,0.008756,0.042585,0.060605,65.789978,91.720375,1964.403931,114.612129,2808.206299,474.868408,1964.403931,114.612129,2808.206299,474.868408,12,15,0.017097,1590.661255,2808.206299,474.868408,0.017097,1590.661255,2808.206299,474.868408,0.463190,0.045503,0.775712,0.007764
200,350,DoubleBM2,101,23812.000000,12600.000000,8.194026,5.855934,0.426028,0.091072,4.069403,0.905017,1827.201782,1661.410034,0.628764,0.772151,0.035363,0.019661,0.337790,0.195377,0.704355,1.009994,0.714659,0.649814,0.909265,0.008756,0.043452,0.061813,70.382751,90.811501,1976.567017,122.292442,2720.114990,473.870636,1976.567017,122.292442,2720.114990,473.870636,12,15,0.017127,3829.206787,2720.114990,473.870636,0.017127,3829.206787,2720.114990,473.870636,0.463190,0.045503,0.775712,0.007764
200,350,DoubleBM2,102,23812.000000,12600.000000,8.194026,5.855934,0.426028,0.091072,4.069403,0.905017,1833.827271,1654.311279,0.631044,0.768852,0.035162,0.020105,0.335865,0.199795,0.691226,1.033827,0.714659,0.644700,0.902108,0.008756,0.042427,0.060387,65.887466,91.211311,1965.302368,116.802063,2781.629395,473.029114,1965.302368,116.802063,2781.629395,473.029114,12,15,0.017096,1897.741577,2781.629395,473.029114,0.017096,1897.741577,2781.629395,473.029114,0.463190,0.045503,0.775712,0.007764
200,350,DoubleBM2,103,23812.000000,12600.000000,8.194026,5.855934,0.426028,0.091072,4.069403,0.905017,1833.067627,1658.812134,0.630783,0.770944,0.035209,0.019860,0.336316,0.197356,0.704647,1.028731,0.714659,0.646722,0.904938,0.008756,0.043527,0.061906,70.827011,91.412659,1967.945801,122.983437,2747.665283,477.092957,1967.945801,122.983437,2747.665283,477.092957,12,15,0.017096,2144.359375,2747.665283,477.092957,0.017096,2144.359375,2747.665283,477.092957,0.463190,0.045503,0.775712,0.007764
200,350,DoubleBM2,104,23812.000000,12600.000000,8.194026,5.855934,0.426028,0.091072,4.069403,0.905017,1831.667114,1652.720947,0.630301,0.768113,0.035170,0.020386,0.335942,0.202579,0.749071,1.143239,0.714659,0.644840,0.902304,0.008756,0.040695,0.058006,61.730209,88.181946,1965.754761,104.835068,2820.386475,459.850769,1965.754761,104.835068,2820.386475,459.850769,12,15,0.017096,1366.985107,2820.386475,459.850769,0.017096,1366.985107,2820.386475,459.850769,0.463190,0.045503,0.775712,0.007764
